Designator,Val,Package,Mid X,Mid Y,Rotation,Layer
J1,6P6C,RJ12_Amphenol_54601-x06_Horizontal,102.3925,-60.75,-90.0,top
R1,120E,R_0805_2012Metric,92.5,-45.75,0.0,top
U1,VEML7700,VEML7700-Board,136.869,-77.75,90.0,top
U2,ESP32-C3_SUPERMINI_TH,MODULE_ESP32-C3_SUPERMINI_TH_PCB_MOUNT,121.0,-49.89,0.0,top
U3,Hesai-Buck-Converter,Hesai-Buck-Converter,92.05,-74.31,90.0,top
U4,SN65HVD230,SN65HVD230-Board,102.75,-45.131,180.0,top
U5,BME680,BlueDot-BME680-Board,140.675,-55.8,90.0,top
U6,OPT3001,opt_3001,119.5,-68.88,0.0,top
